<?xml version="1.0" encoding="UTF-8"?>
<comment version="3.0">
  <caption>01AQ1WSU</caption>
  <note>01AQ1WSU;  </note>
  <place/>
  <categories>
    <category value="58"/>
    <category value="adult"/>
    <category value="allergy"/>
    <category value="animal"/>
    <category value="arthropoda"/>
    <category value="bite"/>
    <category value="body"/>
    <category value="central"/>
    <category value="concept"/>
    <category value="d"/>
    <category value="depression"/>
    <category value="dermatology"/>
    <category value="dimension"/>
    <category value="diptera"/>
    <category value="disease"/>
    <category value="emotion"/>
    <category value="eukaryote"/>
    <category value="form"/>
    <category value="head"/>
    <category value="human"/>
    <category value="human anatomy"/>
    <category value="hypersensitivity"/>
    <category value="insect"/>
    <category value="insecta"/>
    <category value="invertebrate"/>
    <category value="large"/>
    <category value="lower"/>
    <category value="medical science"/>
    <category value="medicine"/>
    <category value="mental state"/>
    <category value="middle age"/>
    <category value="mosquito"/>
    <category value="neck"/>
    <category value="nematocera"/>
    <category value="ol"/>
    <category value="organism"/>
    <category value="people"/>
    <category value="pterygota"/>
    <category value="raised"/>
    <category value="reaction"/>
    <category value="rounded"/>
    <category value="sadness"/>
    <category value="shape"/>
    <category value="woman"/>
    <category value="year"/>
  </categories>
</comment>
