<?xml version="1.0" encoding="UTF-8"?>
<comment version="3.0">
  <caption>01A8CD75</caption>
  <note>01A8CD75; INSECT BITE</note>
  <place/>
  <categories>
    <category value="adult"/>
    <category value="dermatology"/>
    <category value="face"/>
    <category value="human"/>
    <category value="insect"/>
    <category value="insect bite"/>
    <category value="medicine"/>
    <category value="mosquito"/>
    <category value="mosquito bite"/>
    <category value="outdoors"/>
    <category value="person"/>
    <category value="pimple"/>
    <category value="shot"/>
    <category value="woman"/>
  </categories>
</comment>
