<?xml version="1.0" encoding="UTF-8"?>
<comment version="3.0">
  <caption>01AK5SC6</caption>
  <note>01AK5SC6; INSECT BITE</note>
  <place/>
  <categories>
    <category value="dermatology"/>
    <category value="european"/>
    <category value="human"/>
    <category value="insect"/>
    <category value="insect bite"/>
    <category value="medicine"/>
    <category value="mosquito"/>
    <category value="mosquito bite"/>
    <category value="person"/>
    <category value="pimple"/>
    <category value="shot"/>
    <category value="skin"/>
  </categories>
</comment>
