<?xml version="1.0" encoding="UTF-8"?>
<comment version="3.0">
  <caption>01AK5T2T</caption>
  <note>01AK5T2T; INSECT BITE</note>
  <place/>
  <categories>
    <category value="adult"/>
    <category value="close-up"/>
    <category value="european"/>
    <category value="finger"/>
    <category value="human"/>
    <category value="insect"/>
    <category value="insect bite"/>
    <category value="male"/>
    <category value="man"/>
    <category value="medicine"/>
    <category value="neck"/>
    <category value="outdoors"/>
    <category value="person"/>
    <category value="point"/>
    <category value="shot"/>
    <category value="skin"/>
    <category value="tracks"/>
    <category value="vacuum aspiration"/>
    <category value="venom"/>
    <category value="wasp"/>
  </categories>
</comment>
