<?xml version="1.0" encoding="UTF-8"?>
<comment version="3.0">
  <caption>01AEQU5B</caption>
  <note>01AEQU5B;  </note>
  <place/>
  <categories>
    <category value="21"/>
    <category value="adult"/>
    <category value="allergic"/>
    <category value="anatomical structure"/>
    <category value="anatomy"/>
    <category value="animal"/>
    <category value="arthropoda"/>
    <category value="biology"/>
    <category value="bite"/>
    <category value="blisters"/>
    <category value="body"/>
    <category value="cimicidae"/>
    <category value="close-up"/>
    <category value="competition"/>
    <category value="concept"/>
    <category value="contest"/>
    <category value="disease"/>
    <category value="eukaryote"/>
    <category value="exopterygota"/>
    <category value="from"/>
    <category value="gender"/>
    <category value="hemiptera"/>
    <category value="heteroptera"/>
    <category value="homoptera"/>
    <category value="human"/>
    <category value="human anatomy"/>
    <category value="hypersensitivity"/>
    <category value="insect"/>
    <category value="insecta"/>
    <category value="invertebrate"/>
    <category value="life science"/>
    <category value="man"/>
    <category value="medical"/>
    <category value="medical science"/>
    <category value="medicine"/>
    <category value="old"/>
    <category value="organism"/>
    <category value="people"/>
    <category value="properties"/>
    <category value="pterygota"/>
    <category value="rash"/>
    <category value="reaction"/>
    <category value="sex"/>
    <category value="skin"/>
    <category value="skin disease"/>
    <category value="small"/>
    <category value="specialty"/>
    <category value="vesicular"/>
    <category value="year"/>
    <category value="young"/>
  </categories>
</comment>
