<?xml version="1.0" encoding="UTF-8"?>
<comment version="3.0">
  <caption/>
  <note>15498936 - flea bites</note>
  <place/>
  <categories>
    <category value="background"/>
    <category value="bite"/>
    <category value="bug"/>
    <category value="caucasian"/>
    <category value="dry"/>
    <category value="several"/>
    <category value="insect"/>
    <category value="irritated"/>
    <category value="itchy"/>
    <category value="leg"/>
    <category value="red"/>
    <category value="scab"/>
    <category value="skin"/>
    <category value="white"/>
    <category value="flea"/>
  </categories>
</comment>
