<?xml version="1.0" encoding="UTF-8"?>
<comment version="3.0">
  <caption>01AQ1WV5</caption>
  <note>01AQ1WV5;  </note>
  <place/>
  <categories>
    <category value="57"/>
    <category value="adult"/>
    <category value="animal"/>
    <category value="arm"/>
    <category value="arthropoda"/>
    <category value="axial"/>
    <category value="bite"/>
    <category value="bites"/>
    <category value="body"/>
    <category value="bumps"/>
    <category value="cluster"/>
    <category value="concept"/>
    <category value="dermatology"/>
    <category value="dimension"/>
    <category value="disease"/>
    <category value="eukaryote"/>
    <category value="flea"/>
    <category value="following"/>
    <category value="from"/>
    <category value="human"/>
    <category value="human anatomy"/>
    <category value="insect"/>
    <category value="insecta"/>
    <category value="invertebrate"/>
    <category value="man"/>
    <category value="medical science"/>
    <category value="medicine"/>
    <category value="middle age"/>
    <category value="multiple"/>
    <category value="old"/>
    <category value="organism"/>
    <category value="people"/>
    <category value="properties"/>
    <category value="pterygota"/>
    <category value="quantity"/>
    <category value="red"/>
    <category value="suffering"/>
    <category value="torso"/>
    <category value="vacation"/>
    <category value="weapon"/>
    <category value="year"/>
  </categories>
</comment>
