<?xml version="1.0" encoding="UTF-8"?>
<comment version="3.0">
  <caption>Flea bite marks</caption>
  <note>Not to be used for advertising or in a defamatory context  
Flea bite marks on the skin of a 5-year-old girl. These marks (papules) occur due to a sensitivity (allergic) reaction to the bites, known as papular urticaria. Common sources of fleas include cats, dogs, birds, rabbits and hedgehogs. The human flea is now relatively uncommon due to improved sanitation. Symptoms from the bites may also include extreme itching (pruritis), breathing difficulties and dizziness. Fleas can cause illness through the spread of diseases such as plague or via secondary infection of the flea bite. Flea bites can be treated with a steroid cream and a topical antipruritic, although the source of the fleas needs to be investigated.</note>
  <place/>
  <categories>
    <category value="flea"/>
    <category value="bites"/>
    <category value="bite"/>
    <category value="vesicles"/>
    <category value="vesicle"/>
    <category value="skin"/>
    <category value="girl"/>
    <category value="young"/>
    <category value="child"/>
    <category value="insect"/>
    <category value="5-year-old"/>
    <category value="five"/>
    <category value="marks"/>
    <category value="mark"/>
    <category value="wheals"/>
    <category value="wheal"/>
    <category value="papule"/>
    <category value="papular"/>
    <category value="urticaria"/>
    <category value="papules"/>
    <category value="medicine"/>
    <category value="medical"/>
    <category value="healthcare"/>
    <category value="disorder"/>
    <category value="condition"/>
    <category value="allergy"/>
    <category value="allergic"/>
    <category value="lichen"/>
    <category value="urticatus"/>
    <category value="papulosa"/>
    <category value="prurigo"/>
    <category value="infantilis"/>
    <category value="close-up"/>
    <category value="macrophotograph"/>
    <category value="bites"/>
  </categories>
</comment>
